PROVINCIA;MUNICIPIO;ESTACION;MAGNITUD;PUNTO_MUESTREO;ANIO;MES;DIA;H01;V01;H02;V02;H03;V03;H04;V04;H05;V05;H06;V06;H07;V07;H08;V08;H09;V09;H10;V10;H11;V11;H12;V12;H13;V13;H14;V14;H15;V15;H16;V16;H17;V17;H18;V18;H19;V19;H20;V20;H21;V21;H22;V22;H23;V23;H24;V24
28;079;4;1;28079004_1_38;2019;10;02;00012;V;00011;V;00008;V;00009;V;00011;V;00008;V;00008;V;00009;V;00009;V;00009;V;00009;V;00009;V;00009;V;00008;V;00007;V;00006;V;00006;V;00008;V;00007;V;00007;V;00000;N;00000;N;00000;N;00000;N
28;079;4;6;28079004_6_48;2019;10;02;000.2;V;000.3;V;000.2;V;000.2;V;000.3;V;000.2;V;000.2;V;000.3;V;000.3;V;000.4;V;000.3;V;000.3;V;000.3;V;000.3;V;000.3;V;000.3;V;000.3;V;000.2;V;000.3;V;000.3;V;00000;N;00000;N;00000;N;00000;N
28;079;4;7;28079004_7_8;2019;10;02;00001;V;00001;V;00001;V;00002;V;00001;V;00001;V;00001;V;00008;V;00021;V;00023;V;00020;V;00014;V;00012;V;00014;V;00009;V;00008;V;00006;V;00005;V;00005;V;00005;V;00000;N;00000;N;00000;N;00000;N
28;079;4;8;28079004_8_8;2019;10;02;00013;V;00007;V;00007;V;00011;V;00006;V;00006;V;00011;V;00035;V;00059;V;00057;V;00041;V;00031;V;00026;V;00029;V;00023;V;00020;V;00018;V;00021;V;00023;V;00026;V;00000;N;00000;N;00000;N;00000;N
28;079;4;12;28079004_12_8;2019;10;02;00015;V;00009;V;00009;V;00015;V;00007;V;00007;V;00013;V;00047;V;00092;V;00092;V;00071;V;00052;V;00044;V;00050;V;00037;V;00033;V;00027;V;00029;V;00031;V;00033;V;00000;N;00000;N;00000;N;00000;N
28;079;8;1;28079008_1_38;2019;10;02;00005;V;00005;V;00005;V;00005;V;00005;V;00005;V;00005;V;00005;V;00005;V;00005;V;00005;V;00005;V;00005;V;00005;V;00005;V;00005;V;00005;V;00005;V;00005;V;00005;V;00000;N;00000;N;00000;N;00000;N
28;079;8;6;28079008_6_48;2019;10;02;000.2;V;000.2;V;000.2;V;000.2;V;000.2;V;000.2;V;000.2;V;000.3;V;000.4;V;000.4;V;000.4;V;000.3;V;000.3;V;000.3;V;000.3;V;000.2;V;000.2;V;000.3;V;000.3;V;000.3;V;00000;N;00000;N;00000;N;00000;N
28;079;8;7;28079008_7_8;2019;10;02;00002;V;00001;V;00001;V;00001;V;00001;V;00002;V;00003;V;00011;V;00015;V;00024;V;00014;V;00005;V;00004;V;00011;V;00008;V;00004;V;00005;V;00006;V;00006;V;00006;V;00000;N;00000;N;00000;N;00000;N
28;079;8;8;28079008_8_8;2019;10;02;00017;V;00013;V;00011;V;00010;V;00007;V;00010;V;00021;V;00054;V;00060;V;00057;V;00055;V;00050;V;00044;V;00033;V;00030;V;00022;V;00024;V;00032;V;00040;V;00054;V;00000;N;00000;N;00000;N;00000;N
28;079;8;9;28079008_9_47;2019;10;02;00006;V;00009;V;00005;V;00004;V;00004;V;00001;V;00005;V;00004;V;00001;V;00011;V;00014;N;00000;N;00001;N;00001;N;00005;N;00004;V;00003;V;00007;V;00009;V;00011;V;00000;N;00000;N;00000;N;00000;N
28;079;8;10;28079008_10_47;2019;10;02;00013;V;00016;V;00008;V;00010;V;00012;V;00003;V;00010;V;00011;V;00011;V;00022;V;00028;N;00000;N;00001;N;00001;N;00008;N;00011;V;00010;V;00016;V;00016;V;00017;V;00000;N;00000;N;00000;N;00000;N
28;079;8;12;28079008_12_8;2019;10;02;00020;V;00014;V;00013;V;00012;V;00008;V;00013;V;00025;V;00071;V;00083;V;00094;V;00075;V;00058;V;00050;V;00050;V;00043;V;00028;V;00032;V;00042;V;00050;V;00063;V;00000;N;00000;N;00000;N;00000;N
28;079;8;14;28079008_14_6;2019;10;02;68.97;V;74.19;V;68.78;V;69.92;V;70.49;V;66.33;V;55.68;V;27.62;V;22.74;V;26.21;V;14.00;V;05.74;V;18.64;V;59.67;V;68.61;V;79.14;V;79.61;V;70.37;V;62.13;V;46.58;V;00000;N;00000;N;00000;N;00000;N
28;079;8;20;28079008_20_59;2019;10;02;002.1;V;001.6;V;001.2;V;001.2;V;001.0;V;001.0;V;001.0;V;001.5;V;002.7;V;004.7;V;006.8;V;005.4;V;004.9;V;002.6;V;002.9;V;002.3;V;002.2;V;003.0;V;002.9;V;003.0;V;00000;N;00000;N;00000;N;00000;N
28;079;8;30;28079008_30_59;2019;10;02;000.5;V;000.3;V;000.3;V;000.2;V;000.2;V;000.2;V;000.2;V;000.3;V;000.6;V;001.0;V;001.0;V;001.0;V;001.0;V;000.5;V;000.6;V;000.5;V;000.5;V;000.5;V;000.5;V;000.7;V;00000;N;00000;N;00000;N;00000;N
28;079;8;35;28079008_35_59;2019;10;02;004.2;V;003.1;V;003.0;V;003.1;V;002.8;V;002.5;V;002.4;V;002.4;V;002.6;V;002.8;V;004.1;V;012.4;V;013.4;V;005.1;V;002.6;V;003.3;V;004.1;V;004.4;V;004.5;V;004.4;V;00000;N;00000;N;00000;N;00000;N
28;079;8;42;28079008_42_2;2019;10;02;01.60;V;01.58;V;01.57;V;01.57;V;01.56;V;01.58;V;01.58;V;01.59;V;01.62;V;01.65;V;01.70;N;-0.01;N;00.25;N;01.58;V;01.61;V;01.64;V;01.65;V;01.66;V;01.64;V;01.65;V;00000;N;00000;N;00000;N;00000;N
28;079;8;43;28079008_43_2;2019;10;02;01.48;V;01.47;V;01.47;V;01.47;V;01.47;V;01.47;V;01.48;V;01.48;V;01.49;V;01.49;V;01.49;N;-0.05;N;00.22;N;01.49;V;01.47;V;01.47;V;01.47;V;01.47;V;01.47;V;01.48;V;00000;N;00000;N;00000;N;00000;N
28;079;8;44;28079008_44_2;2019;10;02;00.12;V;00.11;V;00.10;V;00.10;V;00.09;V;00.11;V;00.10;V;00.11;V;00.14;V;00.17;V;00.21;N;00.04;N;00.04;N;00.09;V;00.14;V;00.17;V;00.19;V;00.19;V;00.17;V;00.18;V;00000;N;00000;N;00000;N;00000;N
28;079;11;7;28079011_7_8;2019;10;02;00001;V;00001;V;00001;V;00001;V;00002;V;00001;V;00003;V;00012;V;00037;V;00043;V;00015;V;00008;V;00014;V;00011;V;00014;V;00005;V;00011;V;00014;V;00005;V;00001;V;00000;N;00000;N;00000;N;00000;N
28;079;11;8;28079011_8_8;2019;10;02;00013;V;00010;V;00007;V;00005;V;00005;V;00006;V;00016;V;00037;V;00072;V;00075;V;00035;V;00028;V;00032;V;00029;V;00032;V;00019;V;00029;V;00031;V;00024;V;00029;V;00000;N;00000;N;00000;N;00000;N
28;079;11;12;28079011_12_8;2019;10;02;00015;V;00011;V;00009;V;00006;V;00008;V;00008;V;00021;V;00056;V;00128;V;00141;V;00059;V;00040;V;00054;V;00046;V;00053;V;00027;V;00045;V;00052;V;00031;V;00031;V;00000;N;00000;N;00000;N;00000;N
28;079;11;20;28079011_20_59;2019;10;02;001.0;V;001.0;V;000.7;V;000.9;V;000.9;V;000.6;V;000.6;V;001.2;V;004.0;V;005.8;V;003.6;V;001.9;V;001.4;V;001.9;V;002.8;V;001.5;V;001.7;V;002.2;V;001.3;V;001.1;V;00000;N;00000;N;00000;N;00000;N
28;079;11;30;28079011_30_59;2019;10;02;000.1;V;000.1;V;000.1;V;000.1;V;000.1;V;000.1;V;000.1;V;000.1;V;000.4;V;000.8;V;000.4;V;000.2;V;000.1;V;000.2;V;000.3;V;000.2;V;000.2;V;000.4;V;000.4;V;000.2;V;00000;N;00000;N;00000;N;00000;N
28;079;11;35;28079011_35_59;2019;10;02;000.2;V;000.1;V;000.1;V;000.1;V;000.1;V;000.1;V;000.1;V;000.1;V;000.3;V;000.5;V;000.3;V;000.2;V;000.1;V;000.2;V;000.3;V;000.2;V;000.1;V;000.1;V;000.2;V;000.1;V;00000;N;00000;N;00000;N;00000;N
28;079;16;6;28079016_6_48;2019;10;02;000.1;V;000.1;V;000.1;V;000.1;V;000.1;V;000.1;V;000.1;V;000.2;V;000.3;V;000.4;V;000.2;V;000.2;V;000.2;V;000.2;V;000.2;V;000.2;V;000.1;V;000.1;V;000.2;V;000.2;V;00000;N;00000;N;00000;N;00000;N
28;079;16;7;28079016_7_8;2019;10;02;00001;V;00001;V;00001;V;00001;V;00001;V;00001;V;00001;V;00008;V;00012;V;00020;V;00004;V;00005;V;00005;V;00003;V;00003;V;00001;V;00002;V;00001;V;00004;V;00001;V;00000;N;00000;N;00000;N;00000;N
28;079;16;8;28079016_8_8;2019;10;02;00009;V;00004;V;00003;V;00003;V;00003;V;00004;V;00014;V;00038;V;00060;V;00068;V;00024;V;00024;V;00015;V;00011;V;00012;V;00009;V;00008;V;00007;V;00015;V;00027;V;00000;N;00000;N;00000;N;00000;N
28;079;16;12;28079016_12_8;2019;10;02;00010;V;00006;V;00005;V;00005;V;00004;V;00005;V;00016;V;00051;V;00078;V;00099;V;00030;V;00031;V;00022;V;00015;V;00017;V;00011;V;00011;V;00009;V;00022;V;00028;V;00000;N;00000;N;00000;N;00000;N
28;079;16;14;28079016_14_6;2019;10;02;46.65;V;55.48;V;51.16;V;50.13;V;52.24;V;51.10;V;45.85;V;28.89;V;08.41;V;03.99;V;19.51;V;29.00;V;37.82;V;45.47;V;49.78;V;53.30;V;56.09;V;57.27;V;50.29;V;39.78;V;00000;N;00000;N;00000;N;00000;N
28;079;17;1;28079017_1_38;2019;10;02;00009;V;00009;V;00009;V;00009;V;00009;V;00010;V;00009;V;00009;V;00010;V;00010;V;00009;V;00010;V;00008;V;00008;V;00007;V;00006;V;00004;V;00005;V;00005;V;00006;V;00000;N;00000;N;00000;N;00000;N
28;079;17;7;28079017_7_8;2019;10;02;00002;V;00001;V;00001;V;00001;V;00001;V;00002;V;00003;V;00006;V;00013;V;00010;V;00009;V;00011;V;00012;V;00006;V;00006;V;00004;V;00004;V;00004;V;00003;V;00002;V;00000;N;00000;N;00000;N;00000;N
28;079;17;8;28079017_8_8;2019;10;02;00013;V;00009;V;00006;V;00006;V;00006;V;00009;V;00017;V;00033;V;00041;V;00036;V;00029;V;00031;V;00039;V;00022;V;00022;V;00020;V;00020;V;00021;V;00020;V;00028;V;00000;N;00000;N;00000;N;00000;N
28;079;17;12;28079017_12_8;2019;10;02;00016;V;00011;V;00008;V;00007;V;00008;V;00012;V;00022;V;00041;V;00061;V;00052;V;00043;V;00048;V;00056;V;00032;V;00031;V;00027;V;00026;V;00028;V;00024;V;00031;V;00000;N;00000;N;00000;N;00000;N
28;079;17;14;28079017_14_6;2019;10;02;64.59;V;70.99;V;71.39;V;71.24;V;64.42;N;60.33;N;54.63;N;40.38;N;32.54;N;36.56;N;41.16;N;39.52;N;39.88;N;00000;N;66.49;V;72.46;V;77.48;V;75.98;V;74.55;V;61.00;V;00000;N;00000;N;00000;N;00000;N
28;079;18;1;28079018_1_38;2019;10;02;00006;V;00006;V;00006;V;00005;V;00006;V;00006;V;00006;V;00006;V;00005;V;00006;V;00006;V;00009;V;00011;V;00012;V;00013;V;00012;V;00010;V;00009;V;00008;V;00007;V;00000;N;00000;N;00000;N;00000;N
28;079;18;6;28079018_6_48;2019;10;02;000.3;V;000.3;V;000.3;V;000.3;V;000.3;V;000.3;V;000.3;V;000.3;V;000.4;V;000.4;V;000.4;V;000.4;V;000.5;V;000.4;V;000.4;V;000.3;V;000.3;V;000.3;V;000.3;V;000.4;V;00000;N;00000;N;00000;N;00000;N
28;079;18;7;28079018_7_8;2019;10;02;00001;V;00001;V;00001;V;00001;V;00002;V;00001;V;00001;V;00002;V;00005;V;00006;V;00007;V;00010;V;00014;V;00006;V;00005;V;00003;V;00003;V;00002;V;00002;V;00003;V;00000;N;00000;N;00000;N;00000;N
28;079;18;8;28079018_8_8;2019;10;02;00010;V;00006;V;00005;V;00005;V;00004;V;00004;V;00010;V;00015;V;00027;V;00028;V;00027;V;00026;V;00029;V;00020;V;00019;V;00016;V;00014;V;00015;V;00021;V;00039;V;00000;N;00000;N;00000;N;00000;N
28;079;18;10;28079018_10_47;2019;10;02;00007;V;00007;V;00008;V;00009;V;00009;V;00006;V;00008;V;00009;V;00011;V;00011;V;00011;V;00013;V;00010;V;00007;V;00005;V;00014;V;00020;V;00013;V;00001;V;00008;V;00000;N;00000;N;00000;N;00000;N
28;079;18;12;28079018_12_8;2019;10;02;00012;V;00008;V;00006;V;00006;V;00007;V;00005;V;00012;V;00018;V;00034;V;00037;V;00038;V;00041;V;00050;V;00028;V;00026;V;00021;V;00018;V;00019;V;00025;V;00044;V;00000;N;00000;N;00000;N;00000;N
28;079;18;14;28079018_14_6;2019;10;02;66.45;V;72.58;V;71.81;V;69.43;V;67.98;V;67.22;V;60.52;V;52.97;V;41.69;V;39.09;V;44.45;V;50.42;V;52.53;V;63.93;V;68.89;V;78.17;V;83.52;V;82.20;V;73.78;V;53.63;V;00000;N;00000;N;00000;N;00000;N
28;079;18;20;28079018_20_59;2019;10;02;001.0;V;000.8;V;000.7;V;000.8;V;000.8;V;000.4;V;000.5;V;000.6;V;000.7;V;001.4;V;001.9;V;001.6;V;002.7;V;001.3;V;001.4;V;001.1;V;000.8;V;000.9;V;000.8;V;001.1;V;00000;N;00000;N;00000;N;00000;N
28;079;18;30;28079018_30_59;2019;10;02;000.1;V;000.1;V;000.1;V;000.1;V;000.1;V;000.1;V;000.1;V;000.1;V;000.1;V;000.2;V;000.2;V;000.2;V;000.5;V;000.2;V;000.2;V;000.2;V;000.1;V;000.1;V;000.1;V;000.2;V;00000;N;00000;N;00000;N;00000;N
28;079;18;35;28079018_35_59;2019;10;02;000.1;V;000.1;V;000.1;V;000.1;V;000.1;V;000.1;V;000.1;V;000.1;V;000.1;V;000.2;V;000.3;V;000.2;V;000.4;V;000.2;V;000.2;V;000.1;V;000.1;V;000.1;V;000.1;V;000.2;V;00000;N;00000;N;00000;N;00000;N
28;079;24;1;28079024_1_38;2019;10;02;00004;V;00004;V;00004;V;00004;V;00004;V;00004;V;00004;V;00004;V;00004;V;00004;V;00005;V;00005;V;00005;V;00005;V;00005;V;00005;V;00004;V;00004;V;00004;V;00004;V;00000;N;00000;N;00000;N;00000;N
28;079;24;6;28079024_6_48;2019;10;02;000.1;V;000.1;V;000.1;V;000.1;V;000.1;V;000.1;V;000.1;V;000.1;V;000.1;V;000.2;V;000.2;V;000.2;V;000.2;V;000.2;V;000.2;V;000.2;V;000.1;V;000.1;V;000.1;V;000.2;V;00000;N;00000;N;00000;N;00000;N
28;079;24;7;28079024_7_8;2019;10;02;00001;V;00001;V;00001;V;00001;V;00001;V;00001;V;00001;V;00001;V;00001;V;00003;V;00005;V;00005;V;00006;V;00004;V;00002;V;00002;V;00001;V;00001;V;00001;V;00001;V;00000;N;00000;N;00000;N;00000;N
28;079;24;8;28079024_8_8;2019;10;02;00003;V;00002;V;00002;V;00002;V;00001;V;00002;V;00003;V;00006;V;00013;V;00019;V;00019;V;00017;V;00021;V;00015;V;00011;V;00009;V;00005;V;00006;V;00010;V;00021;V;00000;N;00000;N;00000;N;00000;N
28;079;24;9;28079024_9_47;2019;10;02;00000;N;00000;N;00000;N;00000;N;00000;N;00000;N;00000;N;00000;N;00000;N;00000;N;00000;N;00000;N;00001;N;00004;N;00007;V;00003;V;00001;V;00002;V;00003;V;00001;V;00000;N;00000;N;00000;N;00000;N
28;079;24;10;28079024_10_47;2019;10;02;00000;N;00000;N;00000;N;00000;N;00000;N;00000;N;00000;N;00000;N;00000;N;00000;N;00000;N;00000;N;00001;N;00007;N;00014;V;00010;V;00006;V;00006;V;00008;V;00006;V;00000;N;00000;N;00000;N;00000;N
28;079;24;12;28079024_12_8;2019;10;02;00004;V;00004;V;00003;V;00004;V;00003;V;00003;V;00005;V;00008;V;00015;V;00023;V;00026;V;00024;V;00030;V;00021;V;00015;V;00012;V;00006;V;00007;V;00012;V;00022;V;00000;N;00000;N;00000;N;00000;N
28;079;24;14;28079024_14_6;2019;10;02;80.48;V;81.94;V;79.37;V;76.05;V;76.09;V;74.27;V;69.50;V;64.69;V;56.94;V;52.17;V;54.75;V;62.07;V;62.05;V;71.01;V;79.71;V;87.49;V;94.47;V;93.66;V;84.93;V;69.61;V;00000;N;00000;N;00000;N;00000;N
28;079;24;20;28079024_20_59;2019;10;02;000.1;V;000.2;V;000.1;V;000.2;V;000.1;V;000.1;V;000.1;V;000.2;V;000.2;V;000.4;V;000.6;V;001.0;V;001.4;N;00000;N;000.8;N;000.6;V;000.4;V;000.3;V;000.4;V;000.7;V;00000;N;00000;N;00000;N;00000;N
28;079;24;30;28079024_30_59;2019;10;02;000.1;V;000.1;V;000.1;V;000.1;V;000.1;V;000.1;V;000.1;V;000.1;V;000.1;V;000.1;V;000.2;V;000.2;V;000.2;N;00000;N;000.1;N;000.1;V;000.1;V;000.1;V;000.1;V;000.1;V;00000;N;00000;N;00000;N;00000;N
28;079;24;35;28079024_35_59;2019;10;02;000.1;V;000.1;V;000.1;V;000.1;V;000.1;V;000.1;V;000.1;V;000.1;V;000.1;V;000.1;V;000.1;V;000.1;V;000.1;N;00000;N;000.1;N;000.1;V;000.1;V;000.1;V;000.1;V;000.1;V;00000;N;00000;N;00000;N;00000;N
28;079;24;42;28079024_42_2;2019;10;02;01.16;V;01.16;V;01.17;V;01.16;V;01.16;V;01.16;V;01.16;V;01.16;V;01.16;V;01.17;V;01.18;V;01.20;V;01.21;V;01.21;V;01.20;V;01.20;V;01.19;V;01.18;V;01.19;V;01.19;V;00000;N;00000;N;00000;N;00000;N
28;079;24;43;28079024_43_2;2019;10;02;01.10;V;01.10;V;01.10;V;01.09;V;01.09;V;01.09;V;01.09;V;01.10;V;01.09;V;01.09;V;01.10;V;01.12;V;01.13;V;01.14;V;01.14;V;01.14;V;01.13;V;01.12;V;01.11;V;01.12;V;00000;N;00000;N;00000;N;00000;N
28;079;24;44;28079024_44_2;2019;10;02;00.06;V;00.06;V;00.07;V;00.07;V;00.07;V;00.07;V;00.07;V;00.06;V;00.07;V;00.08;V;00.08;V;00.08;V;00.08;V;00.07;V;00.06;V;00.06;V;00.06;V;00.06;V;00.08;V;00.08;V;00000;N;00000;N;00000;N;00000;N
28;079;27;7;28079027_7_8;2019;10;02;00001;V;00001;V;00001;V;00001;V;00001;V;00001;V;00007;V;00008;V;00026;V;00033;V;00017;V;00005;V;00006;V;00004;V;00003;V;00004;V;00004;V;00004;V;00004;V;00004;V;00000;N;00000;N;00000;N;00000;N
28;079;27;8;28079027_8_8;2019;10;02;00052;V;00028;V;00006;V;00005;V;00004;V;00007;V;00044;V;00058;V;00086;V;00073;V;00046;V;00019;V;00020;V;00016;V;00013;V;00017;V;00016;V;00023;V;00026;V;00034;V;00000;N;00000;N;00000;N;00000;N
28;079;27;12;28079027_12_8;2019;10;02;00054;V;00030;V;00007;V;00006;V;00006;V;00008;V;00055;V;00071;V;00127;V;00123;V;00072;V;00027;V;00028;V;00022;V;00017;V;00023;V;00022;V;00030;V;00032;V;00041;V;00000;N;00000;N;00000;N;00000;N
28;079;27;14;28079027_14_6;2019;10;02;35.55;V;56.51;V;71.48;V;69.15;V;67.21;V;64.45;V;39.57;V;23.91;V;05.53;V;16.90;V;38.60;V;58.22;V;62.21;V;70.91;V;79.11;V;76.29;V;77.82;V;71.92;V;68.05;V;57.15;V;00000;N;00000;N;00000;N;00000;N
28;079;35;1;28079035_1_38;2019;10;02;00009;V;00009;V;00009;V;00009;V;00009;V;00009;V;00010;V;00008;V;00009;V;00012;V;00017;V;00020;V;00017;V;00017;V;00017;V;00017;V;00017;V;00017;V;00017;V;00018;V;00000;N;00000;N;00000;N;00000;N
28;079;35;6;28079035_6_48;2019;10;02;000.8;V;000.8;V;000.8;V;000.8;V;000.8;V;000.8;V;000.8;V;000.8;V;000.9;N;000.9;N;000.8;V;000.8;V;000.8;V;000.8;V;000.8;V;000.7;V;000.7;V;000.7;V;000.8;V;000.8;V;00000;N;00000;N;00000;N;00000;N
28;079;35;7;28079035_7_8;2019;10;02;00001;V;00002;V;00001;V;00001;V;00001;V;00001;V;00004;V;00005;V;00011;V;00015;V;00015;V;00027;V;00020;V;00015;V;00010;V;00007;V;00008;V;00010;V;00009;V;00008;V;00000;N;00000;N;00000;N;00000;N
28;079;35;8;28079035_8_8;2019;10;02;00016;V;00017;V;00010;V;00008;V;00009;V;00008;V;00020;V;00032;V;00053;V;00049;V;00045;V;00051;V;00044;V;00037;V;00031;V;00027;V;00029;V;00038;V;00037;V;00049;V;00000;N;00000;N;00000;N;00000;N
28;079;35;12;28079035_12_8;2019;10;02;00019;V;00020;V;00012;V;00010;V;00011;V;00009;V;00027;V;00039;V;00069;V;00072;V;00068;V;00091;V;00075;V;00061;V;00047;V;00039;V;00042;V;00052;V;00051;V;00061;V;00000;N;00000;N;00000;N;00000;N
28;079;35;14;28079035_14_6;2019;10;02;63.05;V;65.49;V;65.88;V;64.18;V;61.32;V;63.08;V;52.22;V;39.60;V;24.71;V;26.21;V;36.22;V;33.50;V;37.97;V;47.03;V;57.35;V;65.89;V;65.00;V;54.38;V;57.44;V;40.64;V;00000;N;00000;N;00000;N;00000;N
28;079;36;1;28079036_1_38;2019;10;02;00004;V;00004;V;00004;V;00004;V;00004;V;00004;V;00004;V;00004;V;00004;V;00004;V;00004;V;00004;V;00004;V;00004;V;00004;V;00004;V;00004;V;00004;V;00004;V;00004;V;00000;N;00000;N;00000;N;00000;N
28;079;36;6;28079036_6_48;2019;10;02;000.2;V;000.1;V;000.1;V;000.1;V;000.1;V;000.1;V;000.2;V;000.2;V;000.4;V;000.4;V;000.2;V;000.2;V;000.2;V;000.2;V;000.2;V;000.2;V;000.2;V;000.2;V;000.2;V;000.2;V;00000;N;00000;N;00000;N;00000;N
28;079;36;7;28079036_7_8;2019;10;02;00003;V;00002;V;00002;V;00002;V;00002;V;00002;V;00003;V;00010;V;00015;V;00025;V;00011;V;00010;V;00007;V;00005;V;00004;V;00006;V;00005;V;00005;V;00004;V;00007;V;00000;N;00000;N;00000;N;00000;N
28;079;36;8;28079036_8_8;2019;10;02;00009;V;00004;V;00003;V;00003;V;00002;V;00004;V;00011;V;00031;V;00051;V;00056;V;00028;V;00028;V;00015;V;00012;V;00009;V;00014;V;00012;V;00013;V;00013;V;00027;V;00000;N;00000;N;00000;N;00000;N
28;079;36;10;28079036_10_47;2019;10;02;00012;N;00013;N;00014;N;00015;N;00014;N;00011;N;00010;N;00013;N;00015;N;00021;N;00029;V;00010;V;00015;V;00006;V;00010;V;00017;V;00009;V;00003;V;00002;N;00020;V;00000;N;00000;N;00000;N;00000;N
28;079;36;12;28079036_12_8;2019;10;02;00013;V;00007;V;00006;V;00006;V;00005;V;00007;V;00016;V;00047;V;00074;V;00094;V;00045;V;00043;V;00027;V;00020;V;00015;V;00023;V;00019;V;00020;V;00020;V;00038;V;00000;N;00000;N;00000;N;00000;N
28;079;38;1;28079038_1_38;2019;10;02;00007;V;00007;V;00007;V;00007;V;00007;V;00007;V;00007;V;00008;V;00009;V;00009;V;00007;V;00007;V;00007;V;00007;V;00007;V;00006;V;00006;V;00006;V;00006;V;00007;V;00000;N;00000;N;00000;N;00000;N
28;079;38;7;28079038_7_8;2019;10;02;00003;V;00001;V;00001;V;00001;V;00001;V;00001;V;00003;V;00009;V;00029;V;00039;V;00025;V;00020;V;00018;V;00014;V;00016;V;00012;V;00017;V;00014;V;00012;V;00023;V;00000;N;00000;N;00000;N;00000;N
28;079;38;8;28079038_8_8;2019;10;02;00011;V;00004;V;00005;V;00004;V;00004;V;00005;V;00015;V;00032;V;00059;V;00061;V;00042;V;00035;V;00032;V;00032;V;00029;V;00027;V;00034;V;00033;V;00032;V;00066;V;00000;N;00000;N;00000;N;00000;N
28;079;38;9;28079038_9_47;2019;10;02;00002;V;00002;V;00002;V;00003;V;00001;V;00002;V;00003;V;00001;V;00002;V;00009;V;00007;V;00001;V;00002;V;00006;V;00013;V;00011;V;00005;V;00004;V;00004;V;00005;V;00000;N;00000;N;00000;N;00000;N
28;079;38;10;28079038_10_47;2019;10;02;00008;V;00009;V;00009;V;00008;V;00006;V;00007;V;00008;V;00004;V;00008;V;00018;V;00017;V;00011;V;00010;V;00016;V;00023;V;00018;V;00011;V;00009;V;00012;V;00016;V;00000;N;00000;N;00000;N;00000;N
28;079;38;12;28079038_12_8;2019;10;02;00015;V;00005;V;00006;V;00005;V;00005;V;00006;V;00019;V;00045;V;00104;V;00121;V;00080;V;00066;V;00059;V;00054;V;00053;V;00046;V;00060;V;00054;V;00050;V;00101;V;00000;N;00000;N;00000;N;00000;N
28;079;38;20;28079038_20_59;2019;10;02;000.7;V;000.5;V;000.4;V;000.4;V;000.3;V;000.3;V;000.3;V;000.3;V;000.6;V;001.4;V;001.7;V;001.6;V;001.8;V;001.7;V;001.8;V;001.7;V;001.3;V;001.4;V;001.3;V;001.6;V;00000;N;00000;N;00000;N;00000;N
28;079;38;30;28079038_30_59;2019;10;02;000.3;V;000.2;V;000.1;V;000.1;V;000.1;V;000.1;V;000.1;V;000.1;V;000.2;V;000.5;V;000.4;V;000.4;V;000.4;V;000.3;V;000.3;V;000.3;V;000.3;V;000.2;V;000.2;V;000.3;V;00000;N;00000;N;00000;N;00000;N
28;079;38;35;28079038_35_59;2019;10;02;004.0;V;003.9;V;003.4;V;003.5;V;003.5;V;003.2;V;003.3;V;003.4;V;003.8;V;004.0;V;004.6;V;006.5;V;005.3;V;004.4;V;004.1;V;004.1;V;004.0;V;004.1;V;004.3;V;004.4;V;00000;N;00000;N;00000;N;00000;N
28;079;39;6;28079039_6_48;2019;10;02;000.2;V;000.2;V;000.2;V;000.2;V;000.2;V;000.2;V;000.2;V;001.2;V;001.1;V;000.3;V;000.2;V;000.2;V;000.2;V;000.2;V;000.2;V;000.2;V;000.2;V;000.2;V;000.2;V;000.2;V;00000;N;00000;N;00000;N;00000;N
28;079;39;7;28079039_7_8;2019;10;02;00001;V;00001;V;00001;V;00001;V;00001;V;00001;V;00002;V;00011;V;00021;V;00010;V;00005;V;00005;V;00006;V;00005;V;00004;V;00005;V;00002;V;00002;V;00002;V;00001;V;00000;N;00000;N;00000;N;00000;N
28;079;39;8;28079039_8_8;2019;10;02;00005;V;00003;V;00003;V;00003;V;00003;V;00004;V;00015;V;00049;V;00065;V;00044;V;00022;V;00021;V;00023;V;00018;V;00017;V;00015;V;00010;V;00018;V;00022;V;00034;V;00000;N;00000;N;00000;N;00000;N
28;079;39;12;28079039_12_8;2019;10;02;00007;V;00004;V;00004;V;00004;V;00005;V;00005;V;00018;V;00066;V;00098;V;00060;V;00030;V;00029;V;00031;V;00026;V;00024;V;00023;V;00012;V;00021;V;00025;V;00036;V;00000;N;00000;N;00000;N;00000;N
28;079;39;14;28079039_14_6;2019;10;02;89.28;V;88.92;V;84.24;V;78.46;V;76.86;V;76.22;V;68.89;V;37.19;V;25.76;V;40.92;V;62.43;V;64.30;V;67.89;V;78.33;V;86.27;V;94.36;V;96.63;V;89.56;V;80.69;V;66.94;V;00000;N;00000;N;00000;N;00000;N
28;079;40;1;28079040_1_38;2019;10;02;00009;V;00009;V;00009;V;00009;V;00009;V;00009;V;00009;V;00009;V;00009;V;00009;V;00009;V;00009;V;00009;V;00009;V;00008;V;00009;V;00008;V;00008;V;00008;V;00008;V;00000;N;00000;N;00000;N;00000;N
28;079;40;7;28079040_7_8;2019;10;02;00002;V;00002;V;00001;V;00001;V;00001;V;00001;V;00003;V;00006;V;00016;V;00021;V;00012;V;00013;V;00006;V;00007;V;00004;V;00007;V;00003;V;00004;V;00003;V;00003;V;00000;N;00000;N;00000;N;00000;N
28;079;40;8;28079040_8_8;2019;10;02;00013;V;00011;V;00005;V;00005;V;00005;V;00009;V;00019;V;00036;V;00058;V;00060;V;00040;V;00038;V;00019;V;00020;V;00015;V;00022;V;00014;V;00018;V;00018;V;00029;V;00000;N;00000;N;00000;N;00000;N
28;079;40;10;28079040_10_47;2019;10;02;00008;V;00010;V;00014;V;00011;V;00008;V;00005;V;00006;V;00014;V;00015;V;00025;V;00015;V;00019;V;00007;V;00006;V;00005;V;00008;V;00004;V;00007;V;00016;V;00014;V;00000;N;00000;N;00000;N;00000;N
28;079;40;12;28079040_12_8;2019;10;02;00015;V;00014;V;00007;V;00006;V;00006;V;00010;V;00024;V;00046;V;00082;V;00092;V;00059;V;00057;V;00028;V;00031;V;00022;V;00033;V;00018;V;00025;V;00023;V;00034;V;00000;N;00000;N;00000;N;00000;N
28;079;47;7;28079047_7_8;2019;10;02;00001;V;00001;V;00001;V;00001;V;00001;V;00001;V;00001;V;00001;V;00003;V;00005;V;00008;V;00009;V;00006;V;00004;V;00004;V;00002;V;00002;V;00002;V;00003;V;00004;V;00000;N;00000;N;00000;N;00000;N
28;079;47;8;28079047_8_8;2019;10;02;00016;V;00013;V;00006;V;00005;V;00004;V;00007;V;00013;V;00027;V;00045;V;00045;V;00037;V;00033;V;00026;V;00019;V;00021;V;00017;V;00019;V;00021;V;00030;V;00042;V;00000;N;00000;N;00000;N;00000;N
28;079;47;9;28079047_9_47;2019;10;02;00014;V;00015;V;00012;V;00015;V;00009;V;00027;V;00025;V;00009;V;00010;V;00009;V;00020;V;00015;V;00014;V;00015;V;00012;V;00015;V;00013;V;00015;V;00007;V;00014;V;00000;N;00000;N;00000;N;00000;N
28;079;47;10;28079047_10_47;2019;10;02;00020;V;00021;V;00016;V;00020;V;00014;V;00029;V;00028;V;00014;V;00015;V;00017;V;00028;V;00020;V;00021;V;00023;V;00020;V;00021;V;00018;V;00020;V;00012;V;00020;V;00000;N;00000;N;00000;N;00000;N
28;079;47;12;28079047_12_8;2019;10;02;00017;V;00015;V;00007;V;00006;V;00006;V;00008;V;00014;V;00028;V;00049;V;00053;V;00048;V;00046;V;00036;V;00025;V;00027;V;00020;V;00022;V;00025;V;00035;V;00048;V;00000;N;00000;N;00000;N;00000;N
28;079;48;7;28079048_7_8;2019;10;02;00001;V;00001;V;00001;V;00001;V;00001;V;00001;V;00001;V;00009;V;00019;V;00020;V;00004;V;00004;V;00004;V;00004;V;00004;V;00003;V;00003;V;00001;V;00001;V;00001;V;00000;N;00000;N;00000;N;00000;N
28;079;48;8;28079048_8_8;2019;10;02;00009;V;00005;V;00002;V;00001;V;00001;V;00003;V;00011;V;00037;V;00054;V;00047;V;00019;V;00019;V;00014;V;00015;V;00017;V;00012;V;00011;V;00007;V;00010;V;00018;V;00000;N;00000;N;00000;N;00000;N
28;079;48;9;28079048_9_47;2019;10;02;00006;V;00004;V;00006;V;00006;V;00005;V;00008;V;00003;V;00002;V;00004;V;00005;V;00007;V;00006;V;00005;V;00016;V;00008;V;00005;V;00005;V;00009;V;00001;V;00005;V;00000;N;00000;N;00000;N;00000;N
28;079;48;10;28079048_10_47;2019;10;02;00010;V;00009;V;00012;V;00010;V;00010;V;00013;V;00008;V;00007;V;00012;V;00014;V;00016;V;00011;V;00011;V;00022;V;00015;V;00011;V;00009;V;00014;V;00003;V;00007;V;00000;N;00000;N;00000;N;00000;N
28;079;48;12;28079048_12_8;2019;10;02;00011;V;00006;V;00004;V;00003;V;00003;V;00004;V;00013;V;00050;V;00083;V;00078;V;00025;V;00025;V;00020;V;00022;V;00023;V;00016;V;00015;V;00009;V;00012;V;00019;V;00000;N;00000;N;00000;N;00000;N
28;079;49;7;28079049_7_8;2019;10;02;00001;V;00001;V;00001;V;00001;V;00001;V;00001;V;00001;V;00001;V;00001;V;00005;V;00008;V;00004;V;00001;V;00001;V;00001;V;00001;V;00001;V;00001;V;00001;V;00001;V;00000;N;00000;N;00000;N;00000;N
28;079;49;8;28079049_8_8;2019;10;02;00006;V;00004;V;00003;V;00002;V;00002;V;00003;V;00006;V;00017;V;00037;V;00034;V;00031;V;00031;V;00012;V;00013;V;00012;V;00011;V;00008;V;00007;V;00010;V;00014;V;00000;N;00000;N;00000;N;00000;N
28;079;49;12;28079049_12_8;2019;10;02;00008;V;00006;V;00004;V;00003;V;00004;V;00005;V;00008;V;00018;V;00039;V;00042;V;00044;V;00038;V;00014;V;00015;V;00013;V;00012;V;00009;V;00009;V;00011;V;00015;V;00000;N;00000;N;00000;N;00000;N
28;079;49;14;28079049_14_6;2019;10;02;75.97;V;76.60;V;72.02;V;75.74;V;71.86;V;69.30;V;66.68;V;54.10;V;33.38;V;34.15;V;51.32;V;49.58;V;66.90;V;69.59;V;78.47;V;85.34;V;89.27;V;86.68;V;80.85;V;67.50;V;00000;N;00000;N;00000;N;00000;N
28;079;50;7;28079050_7_8;2019;10;02;00003;V;00002;V;00002;V;00003;V;00001;V;00004;V;00018;V;00063;V;00056;V;00056;V;00011;V;00005;V;00013;V;00012;V;00015;V;00013;V;00011;V;00006;V;00002;V;00003;V;00000;N;00000;N;00000;N;00000;N
28;079;50;8;28079050_8_8;2019;10;02;00008;V;00005;V;00004;V;00004;V;00003;V;00007;V;00028;V;00071;V;00072;V;00066;V;00023;V;00015;V;00024;V;00022;V;00026;V;00023;V;00022;V;00017;V;00017;V;00031;V;00000;N;00000;N;00000;N;00000;N
28;079;50;9;28079050_9_47;2019;10;02;00005;V;00008;V;00012;V;00006;V;00002;V;00002;V;00006;V;00005;V;00007;V;00007;V;00009;V;00005;V;00004;V;00022;V;00002;V;00001;V;00003;V;00006;V;00006;V;00006;V;00000;N;00000;N;00000;N;00000;N
28;079;50;10;28079050_10_47;2019;10;02;00013;V;00016;V;00020;V;00015;V;00010;V;00008;V;00014;V;00015;V;00019;V;00021;V;00021;V;00015;V;00012;V;00030;V;00007;V;00008;V;00011;V;00015;V;00014;V;00013;V;00000;N;00000;N;00000;N;00000;N
28;079;50;12;28079050_12_8;2019;10;02;00012;V;00008;V;00006;V;00008;V;00005;V;00012;V;00057;V;00167;V;00157;V;00153;V;00040;V;00023;V;00045;V;00041;V;00048;V;00042;V;00038;V;00027;V;00020;V;00035;V;00000;N;00000;N;00000;N;00000;N
28;079;54;7;28079054_7_8;2019;10;02;00001;V;00001;V;00001;V;00001;V;00001;V;00001;V;00001;V;00001;V;00010;V;00023;V;00020;V;00010;V;00003;V;00002;V;00002;V;00002;V;00003;V;00003;V;00004;V;00004;V;00000;N;00000;N;00000;N;00000;N
28;079;54;8;28079054_8_8;2019;10;02;00016;V;00013;V;00010;V;00011;V;00010;V;00011;V;00020;V;00033;V;00067;V;00077;V;00060;V;00039;V;00021;V;00021;V;00020;V;00021;V;00025;V;00025;V;00031;V;00045;V;00000;N;00000;N;00000;N;00000;N
28;079;54;12;28079054_12_8;2019;10;02;00018;V;00015;V;00012;V;00012;V;00012;V;00013;V;00021;V;00034;V;00081;V;00112;V;00091;V;00053;V;00025;V;00024;V;00023;V;00024;V;00029;V;00029;V;00037;V;00051;V;00000;N;00000;N;00000;N;00000;N
28;079;54;14;28079054_14_6;2019;10;02;71.27;V;76.23;V;75.80;V;73.52;V;70.24;V;67.11;V;59.79;V;46.92;V;21.71;V;19.32;V;34.35;V;51.76;V;67.66;V;73.13;V;77.39;V;84.09;V;80.70;V;79.45;V;72.25;V;56.63;V;00000;N;00000;N;00000;N;00000;N
28;079;55;7;28079055_7_8;2019;10;02;00003;V;00001;V;00001;V;00001;V;00001;V;00001;V;00002;V;00006;V;00092;V;00075;V;00020;V;00005;V;00005;V;00004;V;00003;V;00003;V;00003;V;00003;V;00004;V;00003;V;00000;N;00000;N;00000;N;00000;N
28;079;55;8;28079055_8_8;2019;10;02;00043;V;00035;V;00009;V;00003;V;00003;V;00006;V;00023;V;00045;V;00086;V;00071;V;00044;V;00015;V;00014;V;00014;V;00009;V;00012;V;00013;V;00014;V;00019;V;00029;V;00000;N;00000;N;00000;N;00000;N
28;079;55;10;28079055_10_47;2019;10;02;00001;V;00002;V;00001;V;00001;V;00001;V;00001;V;00002;V;00001;V;00002;V;00002;V;00001;V;00012;V;00015;V;00012;V;00004;V;00007;V;00004;V;00005;V;00001;V;00013;V;00000;N;00000;N;00000;N;00000;N
28;079;55;12;28079055_12_8;2019;10;02;00048;V;00037;V;00010;V;00004;V;00005;V;00008;V;00026;V;00055;V;00226;V;00185;V;00075;V;00022;V;00021;V;00020;V;00013;V;00017;V;00017;V;00019;V;00025;V;00034;V;00000;N;00000;N;00000;N;00000;N
28;079;55;20;28079055_20_59;2019;10;02;000.4;V;001.9;V;002.8;V;001.8;V;001.1;V;000.7;V;000.5;V;000.7;V;000.8;V;001.7;V;001.4;V;000.6;V;000.2;V;000.1;V;000.1;V;000.1;V;000.2;V;000.2;V;000.2;V;000.1;V;00000;N;00000;N;00000;N;00000;N
28;079;55;30;28079055_30_59;2019;10;02;000.1;V;000.1;V;000.1;V;000.1;V;000.1;V;000.1;V;000.1;V;000.1;V;000.2;V;000.3;V;000.2;V;000.1;V;000.1;V;000.1;V;000.1;V;000.1;V;000.1;V;000.1;V;000.2;V;000.9;V;00000;N;00000;N;00000;N;00000;N
28;079;55;35;28079055_35_59;2019;10;02;000.1;V;000.1;V;000.1;V;000.1;V;000.1;V;000.1;V;000.1;V;000.1;V;000.1;V;000.1;V;000.1;V;000.1;V;000.1;V;000.1;V;000.1;V;000.1;V;000.1;V;000.1;V;000.1;V;000.1;V;00000;N;00000;N;00000;N;00000;N
28;079;55;42;28079055_42_2;2019;10;02;01.53;V;01.55;V;01.51;V;01.50;V;01.50;V;01.51;V;01.51;V;01.54;V;01.72;V;01.85;V;01.64;V;01.53;V;01.51;V;01.51;V;01.51;V;01.50;V;01.50;V;01.51;V;01.51;V;01.52;V;00000;N;00000;N;00000;N;00000;N
28;079;55;43;28079055_43_2;2019;10;02;01.39;V;01.40;V;01.39;V;01.41;V;01.40;V;01.40;V;01.39;V;01.40;V;01.48;V;01.60;V;01.47;V;01.40;V;01.38;V;01.38;V;01.36;V;01.35;V;01.36;V;01.36;V;01.36;V;01.38;V;00000;N;00000;N;00000;N;00000;N
28;079;55;44;28079055_44_2;2019;10;02;00.13;V;00.15;V;00.12;V;00.09;V;00.10;V;00.11;V;00.12;V;00.14;V;00.24;V;00.24;V;00.17;V;00.13;V;00.13;V;00.14;V;00.15;V;00.16;V;00.15;V;00.15;V;00.15;V;00.14;V;00000;N;00000;N;00000;N;00000;N
28;079;56;6;28079056_6_48;2019;10;02;000.1;V;000.1;V;000.1;V;000.1;V;000.1;V;000.1;V;000.1;V;000.1;V;000.2;V;000.2;V;000.2;V;000.2;N;000.2;V;000.2;V;000.2;V;000.1;V;000.1;V;000.2;V;000.3;V;000.3;V;00000;N;00000;N;00000;N;00000;N
28;079;56;7;28079056_7_8;2019;10;02;00006;V;00005;V;00004;V;00005;V;00005;V;00005;V;00007;V;00010;V;00018;V;00021;V;00025;V;00019;N;00029;V;00023;V;00020;V;00013;V;00015;V;00021;V;00049;V;00037;V;00000;N;00000;N;00000;N;00000;N
28;079;56;8;28079056_8_8;2019;10;02;00018;V;00009;V;00007;V;00011;V;00006;V;00006;V;00018;V;00028;V;00047;V;00045;V;00045;V;00037;N;00046;V;00038;V;00035;V;00028;V;00033;V;00048;V;00075;V;00086;V;00000;N;00000;N;00000;N;00000;N
28;079;56;9;28079056_9_47;2019;10;02;00005;V;00006;V;00010;V;00007;V;00007;V;00003;V;00002;V;00003;V;00006;V;00008;V;00003;V;00008;N;00006;V;00008;V;00006;V;00005;V;00007;V;00005;V;00007;V;00009;V;00000;N;00000;N;00000;N;00000;N
28;079;56;10;28079056_10_47;2019;10;02;00009;V;00010;V;00014;V;00012;V;00011;V;00007;V;00006;V;00007;V;00010;V;00014;V;00010;V;00014;N;00015;V;00014;V;00013;V;00011;V;00012;V;00009;V;00011;V;00013;V;00000;N;00000;N;00000;N;00000;N
28;079;56;12;28079056_12_8;2019;10;02;00027;V;00016;V;00013;V;00019;V;00013;V;00014;V;00029;V;00044;V;00075;V;00077;V;00082;V;00066;N;00090;V;00073;V;00065;V;00048;V;00056;V;00080;V;00150;V;00143;V;00000;N;00000;N;00000;N;00000;N
28;079;56;14;28079056_14_6;2019;10;02;72.41;V;83.32;V;82.21;V;74.18;V;77.36;V;76.47;V;64.41;V;54.20;V;36.27;V;37.03;V;60.42;N;51.39;N;51.22;V;61.22;V;69.81;V;80.06;V;81.02;V;67.98;V;52.28;V;31.15;V;00000;N;00000;N;00000;N;00000;N
28;079;57;1;28079057_1_38;2019;10;02;00006;V;00007;V;00006;V;00007;V;00008;V;00007;V;00007;V;00007;V;00007;V;00008;V;00008;V;00007;V;00005;V;00004;V;00003;V;00003;V;00003;V;00004;V;00004;V;00004;V;00000;N;00000;N;00000;N;00000;N
28;079;57;6;28079057_6_48;2019;10;02;000.2;V;000.2;V;000.2;V;000.2;V;000.2;V;000.2;V;000.2;V;000.2;V;000.3;V;000.3;V;000.2;V;000.2;V;000.2;V;000.2;V;000.2;V;000.2;V;000.2;V;000.2;V;000.2;V;000.3;V;00000;N;00000;N;00000;N;00000;N
28;079;57;7;28079057_7_8;2019;10;02;00001;V;00001;V;00001;V;00001;V;00001;V;00001;V;00001;V;00003;V;00018;V;00014;V;00004;V;00005;V;00005;V;00005;V;00004;V;00003;V;00004;V;00005;V;00005;V;00007;V;00000;N;00000;N;00000;N;00000;N
28;079;57;8;28079057_8_8;2019;10;02;00006;V;00005;V;00005;V;00005;V;00005;V;00006;V;00014;V;00042;V;00072;V;00050;V;00013;V;00017;V;00014;V;00012;V;00012;V;00010;V;00011;V;00014;V;00017;V;00027;V;00000;N;00000;N;00000;N;00000;N
28;079;57;10;28079057_10_47;2019;10;02;00006;V;00016;V;00013;V;00009;V;00006;V;00006;V;00005;V;00008;V;00012;V;00015;V;00017;V;00014;V;00009;V;00007;V;00004;V;00008;V;00004;V;00007;V;00007;V;00007;V;00000;N;00000;N;00000;N;00000;N
28;079;57;12;28079057_12_8;2019;10;02;00008;V;00007;V;00006;V;00006;V;00006;V;00007;V;00015;V;00047;V;00099;V;00071;V;00019;V;00025;V;00022;V;00019;V;00018;V;00015;V;00016;V;00021;V;00024;V;00038;V;00000;N;00000;N;00000;N;00000;N
28;079;58;7;28079058_7_8;2019;10;02;00001;V;00001;V;00001;V;00001;V;00001;V;00001;V;00001;V;00002;V;00001;V;00003;V;00002;V;00003;V;00003;V;00003;V;00002;V;00001;V;00001;V;00001;V;00001;V;00001;V;00000;N;00000;N;00000;N;00000;N
28;079;58;8;28079058_8_8;2019;10;02;00004;V;00003;V;00003;V;00003;V;00003;V;00003;V;00009;V;00014;V;00019;V;00021;V;00011;V;00016;V;00013;V;00014;V;00014;V;00007;V;00005;V;00005;V;00007;V;00010;V;00000;N;00000;N;00000;N;00000;N
28;079;58;12;28079058_12_8;2019;10;02;00005;V;00004;V;00004;V;00004;V;00004;V;00005;V;00010;V;00018;V;00021;V;00025;V;00013;V;00021;V;00017;V;00018;V;00017;V;00009;V;00006;V;00007;V;00008;V;00011;V;00000;N;00000;N;00000;N;00000;N
28;079;58;14;28079058_14_6;2019;10;02;86.09;V;82.98;V;79.37;V;76.97;V;72.86;V;73.19;V;67.77;V;62.84;V;52.53;V;50.13;V;64.15;V;64.02;V;70.21;V;74.43;V;80.90;V;93.27;V;97.48;V;92.21;V;87.13;V;79.96;V;00000;N;00000;N;00000;N;00000;N
28;079;59;7;28079059_7_8;2019;10;02;00001;V;00001;V;00001;V;00001;V;00001;V;00001;V;00001;V;00003;V;00007;V;00029;V;00007;V;00004;V;00002;V;00002;V;00001;V;00001;V;00001;V;00001;V;00001;V;00001;V;00000;N;00000;N;00000;N;00000;N
28;079;59;8;28079059_8_8;2019;10;02;00006;V;00006;V;00004;V;00005;V;00006;V;00006;V;00014;V;00038;V;00058;V;00064;V;00025;V;00012;V;00008;V;00006;V;00004;V;00003;V;00004;V;00004;V;00007;V;00014;V;00000;N;00000;N;00000;N;00000;N
28;079;59;12;28079059_12_8;2019;10;02;00007;V;00007;V;00006;V;00006;V;00008;V;00007;V;00015;V;00043;V;00069;V;00109;V;00035;V;00017;V;00012;V;00009;V;00006;V;00004;V;00005;V;00005;V;00008;V;00015;V;00000;N;00000;N;00000;N;00000;N
28;079;59;14;28079059_14_6;2019;10;02;78.17;V;77.64;V;75.21;V;72.31;V;69.49;V;68.69;V;63.02;V;41.00;V;17.47;V;18.61;V;45.85;V;58.54;V;66.69;V;73.07;V;80.58;V;83.02;V;82.41;V;82.55;V;78.55;V;68.70;V;00000;N;00000;N;00000;N;00000;N
28;079;60;7;28079060_7_8;2019;10;02;00001;V;00001;V;00001;V;00001;V;00001;V;00001;V;00001;V;00002;V;00006;V;00006;V;00001;V;00003;V;00002;V;00001;V;00001;V;00001;V;00001;V;00001;V;00001;V;00001;V;00000;N;00000;N;00000;N;00000;N
28;079;60;8;28079060_8_8;2019;10;02;00009;V;00009;V;00009;V;00009;V;00009;V;00009;V;00012;V;00018;V;00022;V;00017;V;00009;V;00014;V;00013;V;00009;V;00008;V;00008;V;00009;V;00009;V;00010;V;00014;V;00000;N;00000;N;00000;N;00000;N
28;079;60;10;28079060_10_47;2019;10;02;00009;V;00010;V;00010;V;00012;V;00005;V;00003;V;00002;V;00007;V;00007;V;00011;V;00011;V;00011;V;00005;V;00004;V;00003;V;00002;V;00003;V;00006;V;00010;V;00009;V;00000;N;00000;N;00000;N;00000;N
28;079;60;12;28079060_12_8;2019;10;02;00010;V;00010;V;00010;V;00010;V;00011;V;00010;V;00013;V;00020;V;00031;V;00027;V;00011;V;00019;V;00015;V;00011;V;00010;V;00009;V;00010;V;00011;V;00011;V;00016;V;00000;N;00000;N;00000;N;00000;N
28;079;60;14;28079060_14_6;2019;10;02;91.40;V;89.63;V;84.90;V;80.46;V;78.29;V;77.30;V;69.66;V;54.47;V;39.60;V;47.16;V;70.09;V;64.99;V;70.43;V;86.97;V;93.07;V;95.48;V;93.90;V;92.00;V;88.16;V;78.43;V;00000;N;00000;N;00000;N;00000;N
